"Category Name","Product Name","Product Price","Best Seller Rating","Ship From","Sold By","Rating","Product Description","Number Bought in the Past Month","All Available Images"
"kitchen","One94Store 3D Deer Crystal Globe Lamp Creative Engraved Crystal Ball Night Light USB Table LED Wooden Crystal Ball for Home Office Decoration Birthday Gift Adults (Deer 6cm)(Warm White)","₹299.00","N/A","Amazon","X4Cart Details","4 out of 5","Package Contain: 1x 3D Deer Crystal Desk Lamp, USB Cable, User Manual (Warm White Color)
Base Size and Led: Base Size 7 cm with Wooden Touch, 5 led Warm White color with usb connection, Crystal Ball Size is 6 cm
Material: The 3D Deer Forest Crystal Ball Night Light is made from high-quality crystal, safe and harmless to the human body. The night light comes with soft, uniform, non-flicker light. It is a practical kids night light for the bedroom.
Beautiful Pattern: Design by 3D engraving technology, and the moon, galaxy, elk, the design is closely approaching really, which can be used as interior decoration lights and the atmosphere of the house
Illuminating Crystal Ball Light: The 3D Crystal Ball is made of high-quality K10 crystal, which is more transparent and pure, free of bubbles and impurities.","N/A","N/A"
"kitchen","Orient Electric Areva Portable Room Heater | 2000W | Two Heating Modes | Advanced Overheat Protection | Horizontal & Vertical Mount | 1-year replacement warranty by Orient | White","₹1,499.00","N/A","Amazon","RetailEZ Pvt Ltd Details","4 out of 5","Designed for a two-way, space-efficient placement: Mount this room heater horizontally for a blow of hot air in your direction while sitting, or vertically to direct the warm air precisely at your feet level.
100% Copper motor for a long-lasting performance: Orient Electric’s portable room heater- Areva comes with a 100% Copper motor for a reliable performance.
2300 RPM high-speed motor: For immediate spread of warmth throughout your room, this heater comes with a 2300 RPM high-speed motor.
Two adjustable heat settings: Combat the winter chills with the high heat mode or enjoy the warmth on mild winter days with the low heat mode. This heater comes with two heating elements of 1000W each, making Areva a perfect room blower for winter.
Enjoy complete protection & long life with in-built safety features: The room heater for home is equipped with safety features for temperature control, preventing burnout of heating elements, protection against overheating and fire hazards.
One-year replacement warranty: This portable room heater comes protected against manufacturing defects with a one-year replacement warranty, thereby giving you the ultimate peace of mind.","N/A","N/A"
"kitchen","Amazon Brand - Presto! Garbage Bags Medium 180 Count|19 x 21 inches Black , For Dry & Wet waste|30 bags/roll (Pack of 6)","₹326.00","‎ Amazon Brand - Presto! Garbage Bags, Medium - 30 bags/roll (Pack of 6) Best Sellers Rank: #3 in Home & Kitchen ( See Top 100 in Home & Kitchen ) #1 in Dustbin Bags Customer Reviews: 4.4 4.4 out of 5 stars 48,752 ratings","Amazon","RK World Infocom Pvt Ltd Packaging Ships in product packaging This item has been tested to certify it can ship safely in its original box or bag to avoid unnecessary packaging. Since 2015, we have reduced the weight of outbound packaging per shipment by 41% on average, that’s over 2 million tons of packaging material. Details","4.4 out of 5","Convenient for clean-up and garbage disposal
Multifunctional use; ideal for office, hotels, household use, parties, baby diapers, and clearing pet's litter
Detachable tie-tape to tie up bag after use
Garbage Bags for your home and kitchen
Dimensions - 48 cms x 53 cms; Size: Medium
Package Contents - 6 Rolls of Garbage Bags; Quantity: 30 per roll; Colour: Black","N/A","N/A"
"kitchen","ATOM Digital Kitchen Food Weighing Scale For Healthy Living, Home Baking, Cooking, Fitness & Balanced Diet. | 1 Year Warranty | 10Kg x 1gms with 2 Batteries Included, SF400/A121, Color May vary","₹199.00","N/A","Amazon","Clicktech Retail Private Ltd Details","3.9 out of 5","Portable LCD Electronic Balance digital scale .Small and Light, Making it Convenient to Carry and Use.
LCD back light, easy to read value at day and night
Convenient weighing unit switch, data lock . Over load indication, auto power off after 120 seconds without any operation. Easy to Use.
HIGH PRESICION STRAIN GUAGE SENSOR SYSTEM: The Kitchen scale equipped with high presicion strain gauge sensor system
BATTERIES INCLUDED: The scale comes handy with ready to use 2*AAA Battery
FEATURES: Low battery & Overload Indicators Product is specially desigened for the India
Durable to use .
Color - White, Used to weigh food items","N/A","N/A"
"kitchen","Orpat OEH-1220 2000-Watt Fan Heater (White)","₹1,249.00","N/A","Amazon","RetailEZ Pvt Ltd Details","4.1 out of 5","Meant for Spot Heating, Room Size: Upto 250 sq ft. 100% Pure Copper Wire Motor for long life
Ideal for a small / medium room only, i.e., up to 250 sq. ft. when operated at 2000 watt heat setting. Makes some noise due to fan. Body Material: Plastic, Metal
Refer the wattage chart image for locating heater wattage requirement for your room size. Safety Mesh Grill. Cool Touch Body
Plug type: 15A, do not plug in the standard 5 or 6A socket, you may require a 3 pin plug or extension cord to act as a 5-15A convertor but can not be used for long time with extension cord
Non sagging, stitching type and long life heating element, Safety cut-off, Overheat Protection
Thermal cut-off for added safety, Two heat settings-1000 watts and 2000 watts
Package content: 1 Room Heater, User guide","N/A","N/A"
"kitchen","AGARO Elite Lint Remover With Power Cord for Woollen Sweaters, Blankets, Jackets/Burr Remover Pill Remover from Carpets, Curtains","₹379.00","N/A","Amazon","RetailEZ Pvt Ltd Details","4.3 out of 5","Efficiently removes fabric fluff, fuzz, bobbles, pills, burr from all types of garments, fabrics and restores to a fresh look
6 leaf stainless steel blades eliminates the lint smoothly and prevents the fabric from getting damaged
The motor generates a strong suction when the blades are rotating for maximum effect
Comes with Honeycomb Mesh in 3 different sizes Large, Medium, small to remove wide range of lints
Comes with a 5 ft long power cord
1 Year Warranty","N/A","N/A"
"kitchen","Ezee Black Garbage Bags for Dustbin | 90 Pcs | Medium 19 X 21 Inches | 30 Pcs x Pack of 3","₹159.00","N/A","Amazon","ETrade Online Details","4.2 out of 5","EZEE REGULAR - Garbage bags make cleaning and garbage disposal a hassle-free task while being easy on the environment. The sealed bottom of the bags prevents any leakage and makes them sturdy and durable to maintain hygiene.
DTIE TAPE - Each bag has a unique detachable tie tape to tie the bags after use and for easy disposal. It comes with a simple perforation technology for quickly separating the bags from the roll.
WASTE DISPOSAL: Perfect for wet and dry waste, food waste and fits the trash cans conveniently without tearing. They are Strong and thick containing a Seal in the bottom to prevent any leakages. Heavy Load Wastes can be easily carried with this Garbage Bag.
MULTI-PURPOSE- Our Garbage Bags can be used for Office, Kitchen, Bathroom, Bedroom, Living Room, Baby diapers, Car, Pet's litter. It is Suitable for both wet and dry waste.
PACKAGE CONTENTS- Contains 90 Medium Garbage Bags Measuring 19 X 21 Inches.","N/A","N/A"
"kitchen","Zulaxy Photo Frame Hooks for Wall Without Drilling, 10 Pack Self Adhesive Hooks for Wall Heavy Duty Strong Nail Free for Hanging Photo Frame (Hanging Hook, Transparent) Stainless Steel","₹274.00","N/A","Amazon","Emarat Impex Details","3.8 out of 5","PROUDLY MADE IN INDIA: The Zulaxy heavy quality Strong nail hook is proudly Made in India. The Zulaxy wall nail hooks has 33% more adhesion, so it is strong and lasts long.
STRONG & VERSATILE: Heavy duty hooks can hold up to 10 KG on smooth surface. These adhesive hooks can be used variously: coat hooks, key hooks, bathroom towel hooks.
WATERPROOF AND RUSTPROOF: The Zulaxy adhesive hooks are built sturdy enough to hold college student backpacks. The heavy-duty hooks and durable stainless steel construction of non-magnetic metal are corrosion-free, meaning it will last bathroom without rusting.
EASY TO USE: Wall hangers easily to clean and paste without surface damage, no need to nail and drill the wall, can be utilized repeatedly after cleaning and dry.
USE IT ANYWHERE: Widely used on a variety of surfaces, like Wood, Tile, Ceramic, Metal, Plastic Surface and more, especially great for for bathroom, kitchen, wall decor hooks, shower hooks indoor and outdoor hooks, towel hooks.","N/A","N/A"
"kitchen","Pigeon by Stovekraft Amaze Plus Electric Kettle (14289) with Stainless Steel Body, 1.5 litre, used for boiling Water, making tea and coffee, instant noodles, soup etc. (Silver)","₹599.00","N/A","Amazon","RetailEZ Pvt Ltd Details","3.9 out of 5","CLASSIC DESIGN: The classical mirror polish of the appearance makes your electric kettle unique and aesthetic, which can match any type of kitchen design and 360° swivel base is connected with standard power cord for safe usage and convenient storage
CORDLESS POURING: The electric kettle can be easily lifts from its swivel base for easy filling at the sink and graceful serving without the hassle of a power cord; it can also be returned to its power source from any direction, great for right and left-handed users.
CONVENIENT: The cordless & BPA-Free electric electric kettle makes a striking presence on any kitchen counter or buffet in preparing and serving and it is easy for storage
FAST BOIL: This 1500W electric kettle has concealed heating elements and can boil up to 1.5 litres of water in 5 to 7 minutes, quicker and safer. Start your day with a cup of instant lemon tea, green tea, hot water.
EASY CLEAN: Use white vinegar, baking soda, water, cleaning bottle brush and microfiber cloth to clean your electric kettle and keep it looking new.
Water Level Indicator: No","N/A","N/A"
"kitchen","MILTON Aura 1000 Thermosteel Bottle, 1050 ml Water Bottles, 24 Hours Hot and Cold, Easy to Carry, Easy Grip, Rust Proof, Tea, Coffee, Office, Travel Bottle, Black","₹932.00","N/A","Amazon","RetailEZ Pvt Ltd Details","4.3 out of 5","Color: Black; Material: Stainless Steel; Package Content: 1 - Piece Aura Thermosteel Bottle (1.05 Litre); Dimension in cms (L x W x H): 8.4 x 8.4 x 30.
Double walled Vacuum insulated technology keeps beverages hot or cold for 24 hours, Inner copper coating for better temperature retention. A unique bottle that makes pouring completely hassle-free and spill-free.
This Water Bottle made from stainless steel, which makes it completely Safe to Store your water & beverages for the long time. This will help to prevent natural properties of water & beverages like tea, coffee, juices Etc.
SS 304 Inside and outside makes this bottle rust proof, which makes it durable also. This bottle is easy to carry also as it comes with carry string for easy carrying. It can perfectly fit in side pocket of backpack.
The travel water bottle comes with a leak proof lid that will prevent any accidental spills. This water bottle is easy to grab, while you are on the go. It is easy to carry anywhere you go office, home, picnics, outdoor, campaning. Ideal for self use and gifting.","N/A","N/A"
"shoes","DRUNKEN Slipper For Men and Women Flip Flops Hotel Spa Massage Chappal Bedroom Carpet Slippers Sandal","","‎ Slipper Best Sellers Rank: #1 in Shoes & Handbags ( See Top 100 in Shoes & Handbags ) #1 in Women's Flip-Flops & Slippers Customer Reviews: 3.3 3.3 out of 5 stars 10,288 ratings","Amazon","ILU Details","3.3 out of 5","N/A","N/A","N/A"
"shoes","ASIAN Men's Wonder-13 Sports Running Shoes…","","‎ First Walker Shoe Best Sellers Rank: #2 in Shoes & Handbags ( See Top 100 in Shoes & Handbags ) #1 in Men's Running Shoes Customer Reviews: 3.9 3.9 out of 5 stars 102,225 ratings","Amazon","Asian Shoes Packaging Ships in product packaging This item has been tested to certify it can ship safely in its original box or bag to avoid unnecessary packaging. Since 2015, we have reduced the weight of outbound packaging per shipment by 41% on average, that’s over 2 million tons of packaging material. Details","3.9 out of 5","Lightweight & Breathable :Exclusive design and durable materials every step feels light and breezy. Breathable, free-moving fabrics which adjust according to your foot and creates an astoundingly easy-going experience. Non Slip & Shockproof : Great engineering strikes a balance in style, made in the potent design and latest fashion trends. Made for long-term wear, with extra emphasis on providing cushion to the feet, removing heel strain. Comfort Sole & Flexible Walk : The outsoles are made by an air cushion, doubling the effect of shock absorption. Besides, these shoes perform excellent in durability and are also slip resistant. It provides push cushioning comfort for foot pain relief and helps relieve pressure while conforming to your every step","N/A","N/A"
"shoes","Sparx Men's Slippers","","‎ Flip-Flop Best Sellers Rank: #3 in Shoes & Handbags ( See Top 100 in Shoes & Handbags ) #1 in Men's Flip-Flops & Slippers Customer Reviews: 4.1 4.1 out of 5 stars 48,865 ratings","Amazon","Cocoblu Retail Details","4.1 out of 5","Sparx offers a diverse and stunning range of flip-flops. The Sparx SF0014G comes in a soft synthetic material with a textile strap. What's more, its vibrant shades will truly upgrade your style quotient. Sparx, the most stylish range of shoes, sandals and slippers are exclusively designed to match the latest trends of the new generation. Known for its sturdy and stylish designs, Sparx is an iconic youth brand for those who dare to explore the world. Sparx is a spectacular range of footwear from the house of Relaxo Footwears Ltd., a name trusted among millions of people in India and across the world for delivering unmatched quality. Since its inception, the company has established a benchmark for bringing the finest range of footwears. A perfect combination of comfort, style, and workmanship, Sparx is all about confidence and making a fashion statement. Its flaunting design pattern sparks a cool statement as you take a step ahead in them.","N/A","N/A"
"shoes","DOCTOR EXTRA SOFT Doctor Ortho Slippers for Women.","","‎ Slipper Best Sellers Rank: #4 in Shoes & Handbags ( See Top 100 in Shoes & Handbags ) #2 in Women's Flip-Flops & Slippers Customer Reviews: 4.0 4.0 out of 5 stars 55,458 ratings","Amazon","FAMILY FOOTWEAR. Details","4 out of 5","Add This wonderful slippers to your Shoe Closet. Brought to you by Family Collection, this slipper is not only Colourful and Highly attractive to look at, but also extremely Comfortable to wear.These slippers are preventive footwear for Diabetic Foot problems, relieves heel arch and Ankle Pains.Soft in-sole, Flexible sole for better walking comfort Extra Soft and Comfortable bottom for Heel Comfort.","N/A","N/A"
"shoes","AIRSON AL-5 Slipper for Women | Orthopedic, Diabetic, Pregnancy | Soft Doctor Anti-Skid Slipper for Women |Slides, Flip-Flops, Slippers, Chappals | For Ladies and Girls","","‎ Flip-Flop Best Sellers Rank: #5 in Shoes & Handbags ( See Top 100 in Shoes & Handbags ) #3 in Women's Flip-Flops & Slippers Customer Reviews: 4.1 4.1 out of 5 stars 3,057 ratings","Amazon","AirsonAutolite Details","4.1 out of 5","N/A","N/A","N/A"
"shoes","DOCTOR HEALTH SUPER SOFT Women's Flip-Flops Slippers | Flip-Flops | Women's & Girl's Slippers | Comfortable & Lightweight | Soft Foot Massager | All Day Wear Flip-Flops Slipper","","‎ Slipper Best Sellers Rank: #6 in Shoes & Handbags ( See Top 100 in Shoes & Handbags ) #1 in Women's Fashion Slippers Customer Reviews: 4.0 4.0 out of 5 stars 43 ratings","N/A","Doctor Health Super Soft Details","4 out of 5","N/A","N/A","N/A"
"shoes","Fargo Leatherette Side White Sling Bags For Women's Ladies","","‎ Sling Bag Best Sellers Rank: #7 in Shoes & Handbags ( See Top 100 in Shoes & Handbags ) #1 in Women's Cross-body Bags Customer Reviews: 3.2 3.2 out of 5 stars 918 ratings","Amazon","Retail Grapple Details","3.2 out of 5","Complement your contemporary look with this stylish combo set of handbag and sling bags. Fargo presents this handbag set which is perfect to carry at work or adorn casually. Crafted from high-quality faux leather, this bag opens to a sizable interior, perfect to stow your essentials and is detailed with polished hardware for a sleek finish. It features an adjustable strap for easy carry and a zip closure for your valuables. Match with casuals or ethnic wear for a complete look. Obsessed about the quality : To create timeless products, quality is foremost. That's why, we have hand-picked and sourced our artisans, leather, threads and all other materials of the very best quality. About brand With simple yet elegant designs, Fargo tries to stand out when it comes to style, quality, and relevance. Our products are designed by experts with high proficiency to meet superior quality standards and highlighting all precise details.","N/A","N/A"
"shoes","DOCTOR EXTRA SOFT Doctor Slippers for Women Orthopedic Diabetic Pregnancy Non Slip Lightweight Comfortable Flat Casual Stylish Dr Chappals and House Flip flops For Ladies and Girl’s D-22","","‎ Slipper Best Sellers Rank: #8 in Shoes & Handbags ( See Top 100 in Shoes & Handbags ) #4 in Women's Flip-Flops & Slippers Customer Reviews: 4.1 4.1 out of 5 stars 3,777 ratings","Amazon","FAMILY FOOTWEAR. Details","4.1 out of 5","Add these wonderful Doctor Extra Soft Flip flops For Women to your Shoe Closet. Brought to you by FAMILY FOOTWEAR, these Flip flops are not only Light Weight and Anti Skid, but also extremely Comfortable to wear. Now, you can now keep your feet comfortable with this pair of Doctor Extra Soft Footwear for Women that have been skillfully crafted to provide optimum support to your ailing Feet. It is Soft Padded and has been ergonomically designed to support and soothe feet suffering from orthopedic problems. Diabetic Foot problems relieve heel arch and Ankle Pains. Soft insole, Flexible sole for better walking comfort Extra Soft and Comfortable bottom for Heel Comfort. General foot Pain & Discomfort Heel Pain, Arch Pain Plantar Fasciitis, Diabetes, Back Pain, and Blood Circulation. It's Extra Soft EVA Footbed Increases Comfort, Eases Foot pain, Increases Efficiency, Eases Pressure on Feet, Absorbs Heel Shock, and Minimizes Fatigue.","N/A","N/A"
"shoes","Dr.Ortho Orthopedic Slippers | Acupressure Slippers | Flip-Flops | For Men & Women's Slippers","","‎ 1.00 count Best Sellers Rank: #9 in Shoes & Handbags ( See Top 100 in Shoes & Handbags ) #9 in Women's Flip-Flops & Slippers Customer Reviews: 4.1 4.1 out of 5 stars 2,756 ratings","Amazon","Deerghayurveda Details","4.1 out of 5","N/A","N/A","N/A"
"shoes","FLITE Men's Flip Flops Thong Slippers","N/A","‎ Sliders Best Sellers Rank: #10 in Shoes & Handbags ( See Top 100 in Shoes & Handbags ) #1 in Men's Fashion Sandals Customer Reviews: 3.9 3.9 out of 5 stars 51,078 ratings","N/A","N/A","3.9 out of 5","Sparx Presents footwear range that Will Keep Your Feet At Great Ease, While You walk, run or work out in the Gym. These Are Light In Weight, Flexible And Very Comfortable To Wear As Well.","N/A","N/A"
"computers","FUR JADEN Anti Theft Number Lock Backpack Bag with 15.6 Inch Laptop Compartment, USB Charging Port & Organizer Pocket for Men Women Boys Girls","","‎ Anti Theft Laptop Backpack Best Sellers Rank: #1 in Computers & Accessories ( See Top 100 in Computers & Accessories ) #1 in Laptop Backpacks Customer Reviews: 4.0 4.0 out of 5 stars 6,109 ratings","Amazon","RetailEZ Pvt Ltd Details","4 out of 5","Stay organized all day with a durable and lightweight backpack from Fur Jaden. This back pack is a stylish and functional accessory for men and women. Can add admiration to an appealing and daring personality with a remarkable aesthetics and functionality. This backpack features an anti-theft design. You can also charge your phone on the go and organize your stuff like pro. Fur Jaden functional back pack is apt to protect your gadgets and belongings from being stolen while you travel, thanks to its special anti-theft design. Now keep your belongings safe with style. The backpack features multiple compartments that you may use for your laptop and other essentials. A remarkable feature of this backpack allows you to charge your phone while you are on the move. With an attached charging dock in the back you may connect a portable power bank with ease. Weighing about 600grams, this backpack is lightweight. The backpack is able to house a laptop of up to 15.6 inches and has seven inner compartments to place your other essentials. Made from durable quality polymer this Fur Jaden back pack is sturdy and reliable. Flaunt this bag with style and low maintenance as this bag is washable. This backpack is also suitable for school or college. The straps are designed to distribute the weight equally on each shoulder preventing any sort of discomfort. Use this back pack for office, college/school or during travels.","N/A","N/A"
"computers","STRIFF Adjustable Laptop Tabletop Stand Patented Riser Ventilated Portable Foldable Compatible with MacBook Notebook Tablet Tray Desk Table Book with Free Phone Stand (Black)","₹279.00","N/A","Amazon","Clicktech Retail Private Ltd Details","4.3 out of 5","FOLDABLE, PORTABLE, LIGHTWEIGHT: The Carnation Laptop Stand has a thin, hard plastic frame. It can be easily folded and carried around. Durable enough to withstand the weight of up to 55 lbs (25kg).
OPTIMIZED FOR AIR VENTILATION: To prevent your computer from overheating, the laptop stand has large cut-out vents and adjustable height options that allow air to circulate from all sides. Well vented.
ADJUSTABLE HEIGHT 7 OPTIONS: Raise your laptop or tablet to any of seven adjustable heights from 2.7” to 6.7” so you can get a clearer, glare-free view while getting neck pain relief and preventing eye strain.
PHONE STAND, and PURE ERGONOMICS: Easily share the screen with those next to you. No constant reaching for your phone anymore. This means fewer distractions, better concentration. The new meaning of Ergonomic.","N/A","N/A"
"computers","Ambrane Unbreakable 3A Fast Charging 1.5m Braided Type C Cable for Smartphones, Tablets & other Type C devices, 480Mbps Data Sync, Quick Charge 3.0 (RCT15A, Black)","₹169.00","N/A","Amazon","Cocoblu Retail Details","4 out of 5","3A Fast Charging - Delivers 3A fast charging and 480 Mbps data transfer speed.
Quick Charge 2.0/ 3.0 - Supports Quick Charge (QC) 2.0/3.0 to deliver rapid charging speed.
Wide Compatibility - It is compatible with all Type-C enabled devices including Android smartphones, tablets and PC peripherals.
Unbreakable - Made of special braided outer with rugged interior bindings, it is an ultra-durable cable that won’t be affected by daily rough usage.
Ideal Length - It has an ideal length of 1.5 meters which is super convenient to use.
Made in India - This product is Made in India at the Ambrane’s manufacturing facility in Haryana.
180 Days Warranty - It comes with a 6 months warranty against manufacturing defects.","N/A","N/A"
"computers","HP 818w 32GB USB 3.2 Flash Drive Silver Metal","₹299.00","N/A","Amazon","Clicktech Retail Private Ltd Details","3.9 out of 5","Durable metal casing with USB 3.2 speeds.
Thoughtful cap-less free design for easy carry.
Matte Silver Texturized body is scratchproof and dirt-repellent.
Integrated key ring loop for easy attachment to key chains,backpacks, totes, and more.","N/A","N/A"
"computers","Logitech M186 Wireless Mouse, 2.4GHz with USB Mini Receiver, 12-Month Battery Life, 1000 DPI Optical Tracking, Ambidextrous, Compatible with PC, Mac, Laptop","₹495.00","N/A","Amazon","Clicktech Retail Private Ltd Packaging Ships in product packaging This item has been tested to certify it can ship safely in its original box or bag to avoid unnecessary packaging. Since 2015, we have reduced the weight of outbound packaging per shipment by 41% on average, that’s over 2 million tons of packaging material. Details","4.3 out of 5","Compact Mouse: With a comfortable and contoured shape, this Logitech ambidextrous wireless mouse feels great in either right or left hand and is far superior to a touchpad
Durable and Reliable: This wireless USB mouse features a line-by-line scroll wheel, up to 1 year of battery life (2) thanks to a smart sleep mode function, and comes with the included AA battery
Universal Compatibility: Your Logitech mouse works with your Windows PC, Mac, or laptop, so no matter what type of computer you own today or buy tomorrow your mouse will be compatible
Plug and Play Simplicity: Just plug in the tiny nano USB receiver and start working in seconds with a strong, reliable connection to your cordless computer mouse up to 10 m (5)
Better than touchpad: Get more done by adding M185 to your laptop; according to a recent study, laptop users who chose this mouse over a touchpad were 50% more productive (3) and worked 30% faster (4)","N/A","N/A"
"computers","Dyazo 6 Angles Adjustable Aluminum Ergonomic Foldable Portable Tabletop Laptop/Desktop Riser Stand Holder Compatible for MacBook, HP, Dell, Lenovo & All Other Notebook (Silver)","₹399.00","N/A","Amazon","Clicktech Retail Private Ltd Details","4.3 out of 5","Dyazo Height Adjusting Laptop Stand Or Laptop Ergonomic Stand Or Laptop Stands For Office Desk Improves Your Posture Scientifically Designed To Help You Balance You’re Sitting Posture Keeping Your Back Straight, Neck Relaxed And Wrists Natural Even After Long Work Hours
Multi-Angle Adjustable Design: The Aluminium Laptop Stand Or Metal Laptop Stand Or Foldable Laptop Stand Or Better Known As A Aluminum Laptop Stand Provides 6-Speed Adjustable Height, Adjust To Comfortable Operating Angle And Height Based On Your Actual Need. And The Ergonomic Design Makes For Easy Watching And Typing, Relieving Neck, Shoulder And Spinal Pain.
Compatibility: The Laptop & Tablet Stand Supports Most Devices From 10 - 15.6 Inches: Macbook, Thinkpad, Surface, Chromebook, Ipad Pro, Etc. Therefore Known As A 11.6 Inch Laptop Stand ,12 Inch Laptop Stand , 13.3 Inch Laptop Stand ,15 Inch Laptop Stans & 15.6 Inch Laptop Stand
Dyazo Travel Laptop Stand Or Laptop Stand Metal Is A Laptop Foldable Stand Which You Can Fold And Carry Easly In Your Backpack Or Briefcase You Can Use It To Change Angle Of Your Laptop Therefore Use It As Laptop Incline Stand Or Laptop Height Stand
Laptop stand fully foldable, light weight at 260gm only and extremely handy to carry in your office bag [Increases laptop life]-keeps your laptop cooler so the battery life and internal components life also improves
EXQUISITE WORKMANSHIP: Machined from anodized aluminum alloy, with sand blasted and brushed processes. With Non-slip silicone mat, avoid from risking of any scratches to your devices and stable placement makes it the best laptop stand available in the market
One year warranty","N/A","N/A"
"computers","Safari Omega spacious/large laptop backpack with Raincover, college bag, travel bag for men and women, Black, 30 Litre","₹649.00","‎ Backpack Best Sellers Rank: #5 in Computers & Accessories ( See Top 100 in Computers & Accessories ) #2 in Laptop Backpacks Customer Reviews: 4.0 4.0 out of 5 stars 3,953 ratings","Amazon","RetailEZ Pvt Ltd Details","4 out of 5","2 spacious compartments with 2 front pockets and an organizer compartment
Padded Laptop compartment
Rain cover
Compression straps and reflective strips for better travelling experience
Bottle and umbrella holder pockets, Padded shoulder straps","N/A","N/A"
"computers","boAt Type C A325/A320 Tangle-free, Sturdy Type C Cable with 3A Rapid Charging & 480 Mbps Data Transmission Speed, Compatible with Smartphones & Tablets(Black)","₹99.00","N/A","Amazon","Cocoblu Retail Details","4 out of 5","Type C A325/A320 Cable Is Designed With A Perfect 1.5 Meters In Length For Hassle Free Usage
It Dons Premium Braided Skin That Makes It Sturdy And Invincible Against External Damage With 10000+ Bends Lifespan The Cable Stays Stronger And Lasts Longer
Type C A325/A320 Offers Universal Compatibility With Smartphones, Tablets, Pc Peripherals, Bluetooth Speakers, Power Banks And All Other Devices With Type C Port
The Reversible Metallic Aluminium Tip Lets The User Connect Devices In A Carefree Manner
Its Flexible Design Offers The User A Tangle-Free Experience
2 years warranty from the date of purchase","N/A","N/A"
"computers","Dell MS116 Wired Optical Mouse, 1000DPI, LED Tracking, Scrolling Wheel, Plug and Play","₹299.00","N/A","Amazon","Clicktech Retail Private Ltd Details","4.4 out of 5","Movement Detection: Optical, Resolution : 1000dpi;Cable Length : 1.8 meter, Interface Type : USB
Colour : Black, Weight : 413 Grams
Great Aesthetics, Usage ideal for office, education sectors, designing, basic gaming etc
Comfortable for use in longer periods with performance; Warranty : 3 Year
Hardware Platform: Pc","N/A","N/A"
"computers","HP v236w USB 2.0 64GB Pen Drive,","₹399.00","N/A","Amazon","Clicktech Retail Private Ltd Details","4.2 out of 5","Durable metal Charming appearance which brings a great sense of style
Electronic plating after printing technic (Anti-fake). Other Features : Plug & Play
Lidless, compact design with integrated strap-hole, Temperature Proof, Shock-Proof, and vibration-proof
This pendrive is compatible with operating systems such as Windows 2000/XP and Vista, Windows 7, 8, 10 and MAC operating systems 10.3 and above. The HP V236W 64GB Pendrive has a minimum write rate of 4MB/sec and a read rate of 14MB/sec","N/A","N/A"
"electronics","Redmi A4 5G (Sparkle Purple, 4GB RAM, 128GB Storage) | Global Debut SD 4s Gen 2 | Segment Largest 6.88in 120Hz | 50MP Dual Camera | 18W Fast Charging","","N/A","Amazon","Darshita Mobiles Details","4.3 out of 5","High performance - Snapdragon 4s Gen 2 5G Processor | Large 17.47cm 120Hz Display | Upto 8GB RAM including 4GB Virtual RAM |128GB Storage | Fast Side fingerprint sensor
Display: Large 17.47 cm 120Hz Refresh Rate display | 600nits peak brightness | 240Hz Touch sampling Rate | TUV triple certified eye care protection
Camera: 50MP Dual camera | 5MP Front camera
5160mAh(typ) battery with 18W fast charging support and 33W charger in-box with USB Type-C
Expandable Storage to upto 1TB with Dedicated MicroSD card Slot | 3.5mm headphone jack | Android 14 | Side fingerprint sensor
Supports 4G+ 5G SA network | Note : 5G NSA not supported | Please check availability of Standalone 5G with your networks provider","N/A","N/A"
"electronics","N/A","N/A","N/A","N/A","N/A","N/A","N/A","N/A","N/A"
"electronics","N/A","N/A","N/A","N/A","N/A","N/A","N/A","N/A","N/A"
"electronics","boAt [New Launch] Airdopes 91 Prime, 45HRS Battery, 13mm Drivers, Metallic Finish, Low Latency,ENx Tech, Fast Charge, v5.3 Bluetooth Earbuds, TWS Ear Buds Wireless Earphones with mic (Midnight Black)","₹798.00","N/A","Amazon","Clicktech Retail Private Ltd Details","3.7 out of 5","13 mm Drivers with boAt Signature Sound: High-performance 13 mm drivers in the boAt Airdopes 91 Prime TWS Earbuds are your gateway to the audio realm. Feel your favorite tunes come alive with the powerful bass of boAt Signature Sound every time you plug in your Airdopes.
45 Hours of Playtime: Watch live games, listen to podcasts, or work out to your playlist for around 45 hours non-stop with these earbuds. Charge less and enjoy more!
50 ms Latency BEAST Mode: Take out lag from the mix while gaming with BEAST mode. Once activated, the 50 ms low latency syncs virtual frames with power-packed audio for adrenaline-raising gaming sessions.
Dual Mics with ENx Technology: Make calls on the go with the ENx-powered dual mics. Join work calls or catch up with friends from the airport lounge, café, metro, etc., without annoying background noise.
ASAP Charge: Airdopes 91 Prime is your movie marathon partner for the long haul with its fast charging which lends a whopping 120 minutes of playtime when you charge the earbuds for just 10 minutes.","N/A","N/A"
"electronics","N/A","N/A","N/A","N/A","N/A","N/A","N/A","N/A","N/A"
"electronics","Redmi A4 5G (Starry Black, 4GB RAM, 128GB Storage) | Global Debut SD 4s Gen 2 | Segment Largest 6.88in 120Hz | 50MP Dual Camera | 18W Fast Charging","","N/A","Amazon","Darshita Mobiles Details","4.3 out of 5","High performance - Snapdragon 4s Gen 2 5G Processor | Large 17.47cm 120Hz Display | Upto 8GB RAM including 4GB Virtual RAM |128GB Storage | Fast Side fingerprint sensor
Display: Large 17.47 cm 120Hz Refresh Rate display | 600nits peak brightness | 240Hz Touch sampling Rate | TUV triple certified eye care protection
Camera: 50MP Dual camera | 5MP Front camera
5160mAh(typ) battery with 18W fast charging support and 33W charger in-box with USB Type-C
Expandable Storage to upto 1TB with Dedicated MicroSD card Slot | 3.5mm headphone jack | Android 14 | Side fingerprint sensor
Supports 4G+ 5G SA network | Note : 5G NSA not supported | Please check availability of Standalone 5G with your networks provider","N/A","N/A"
"electronics","N/A","N/A","N/A","N/A","N/A","N/A","N/A","N/A","N/A"
"electronics","N/A","N/A","N/A","N/A","N/A","N/A","N/A","N/A","N/A"
"electronics","Samsung Galaxy S23 Ultra 5G AI Smartphone (Phantom Black, 12GB, 256GB Storage)","","N/A","Amazon","STPL Exclusive Online Details","4.5 out of 5","Experience the power of Galaxy AI with S23 Ultra to effortlessly perfect your photos with Photo Assist, communicate quickly outside your language with Live Translate or pick the right tone with Chat Assist, Galaxy AI makes your memories brighter, your communication easier and your tone nicer and let you sail through the life effortlessly, just like that!
200MP. Wow-worthy resolution - Resolution on the Wide-angle Camera has nearly doubled, delivering strikingly clear photos. Zoom and crop your shots for a whole new view —or leave it intact for brilliant detail, corner to corner.
Power for those who don't pause - Your quest for epic mobile gaming is over. Snapdragon 8 Gen 2 Mobile Platform for Galaxy optimizes and streamlines your device for silky smooth games — without draining the battery.
Note's signature tool comes built in - The built-in S Pen keeps the legacy of Note alive. Plus, it helps you ditch the dependency on notebooks, making sketches and jotting notes effortless and eco-friendly.
More innovation, less footprint – Galaxy S23 Ultra's striking symmetrical design returns with one major difference: recycled and eco-conscious materials. From the metal frame to the glass finish, it's polished with fresh new colors inspired by nature.","N/A","N/A"
"electronics","realme Buds 2 Wired in Ear Earphones with Mic (Black)","₹599.00","N/A","Amazon","Cocoblu Retail Details","4.3 out of 5","Enjoy the powerful 11.2mm bass boost driver which consist of multi-layer composite diaphragm, bringing you a deep and powerful, yet accurate bass response.
The inline remote features three tactile buttons and a mic, so you can control your music and videos, incoming calls, and even summon your voice assistant directly at the touch of a button.
A premium, reinforced braided jacket, and two evenly grooved TPU cables make for a design that is robust and durable.
Realme buds 2 features built-in magnets and a cable strap which are designed to provide the ultimate solution for neatly storing your earphones. Impedance: 32Ω, Rated Power: 3mW, Sound Pressure Level: 106dB
Add a touch of style to your music experience with the realme Buds 2. The matte, streamlined design looks elegant and attractive.","N/A","N/A"
